date,time,weight,bodyFat,dietStatus,tags,note
2025-08-30,08:00,69.6,,,,
2025-08-31,08:00,69.3,,,,
2025-09-01,08:00,69.0,,,,
2025-09-03,08:00,69.5,,,,
2025-09-04,08:00,69.6,,,,匪夷所思 昨晚没吃不轻反重了
2025-09-05,08:00,69.8,,,,
2025-09-06,08:00,69.3,,,,
2025-09-07,08:00,69.2,,,,
2025-09-10,08:00,69.1,,,,
2025-09-12,08:00,68.7,,,,
2025-09-14,08:00,69.1,,,,
2025-09-18,,,,,period,来姨妈
2025-09-20,08:00,69.1,,,,
2025-09-21,08:00,68.8,,,,
2025-09-23,08:00,68.8,,,,
2025-09-24,08:00,68.6,,,,
2025-09-25,08:00,68.3,,,,
2025-09-30,08:00,68.5,,,,
2025-10-02,08:00,68.1,,,,
2025-10-04,08:00,68.1,,,,
2025-10-05,08:00,68.4,,,,
2025-10-06,08:00,68.3,,,,
2025-10-07,08:00,68.2,,,,
2025-10-08,08:00,67.9,,,,
2025-10-09,08:00,67.1,,,,
2025-10-10,08:00,67.2,,,,
2025-10-12,08:00,67.8,,,,真是莫名其妙
2025-10-13,08:00,68.1,,,,
2025-10-14,08:00,67.6,,,,
2025-10-15,08:00,67.5,,,,
2025-10-16,08:00,67.8,,,period,来姨妈
2025-10-17,08:00,67.6,,,,
2025-10-18,08:00,67.1,,,,昨天饿死是正确的选择
2025-10-19,08:00,66.8,,,,好感动 终于下67了
2025-10-20,08:00,66.4,,,,
2025-10-21,08:00,66.6,,,,
2025-10-22,08:00,66.3,,,,
2025-10-24,08:00,66.8,,,,不知道为什么姨妈过后反而涨称了
2025-10-25,08:00,66.4,,,,
2025-10-27,08:00,66.7,,,,
2025-10-29,08:00,67.0,,,,
2025-10-30,08:00,66.6,,,,
2025-10-31,08:00,65.8,,,,搞不懂我的体重想怎样
2025-11-01,08:00,65.4,,,,
2025-11-02,08:00,65.4,,,,
2025-11-03,08:00,65.5,,,,
2025-11-04,08:00,65.3,,,,
2025-11-05,08:00,65.5,,,,
2025-11-06,08:00,65.7,,,,我明明没吃什么
2025-11-07,08:00,65.1,,,,
2025-11-08,08:00,64.9,,,,
2025-11-09,08:00,64.8,,,,
2025-11-10,08:00,64.5,,,,
2025-11-11,08:00,65.4,,,,
2025-11-12,08:00,64.8,,,,
2025-11-13,08:00,64.8,,,,
2025-11-14,08:00,64.6,,,,
2025-11-15,08:00,64.5,,,,
2025-11-16,08:00,64.1,,,,
2025-11-17,08:00,64.0,,,,
2025-11-18,08:00,64.0,,,,
2025-11-19,08:00,64.5,,,period,姨妈结束
2025-11-20,08:00,64.3,,,,
2025-11-22,08:00,64.3,,,,
2025-11-23,08:00,63.8,,,,
2025-11-24,08:00,64.2,,,,
2025-11-25,08:00,63.7,,,,
2025-11-26,08:00,63.7,,,,
2025-11-27,08:00,63.2,,,,
2025-11-28,08:00,63.2,,,,
2025-12-01,08:00,63.7,,,,这几天吃多了
2025-12-02,08:00,63.6,,,,
2025-12-03,08:00,63.6,,,,
2025-12-04,08:00,63.6,,,,
2025-12-05,08:00,63.5,,,,
2025-12-08,08:00,63.1,,,,
2025-12-09,08:00,62.6,,,,
2025-12-10,08:00,62.7,,,,
2025-12-11,08:00,62.6,,,,
2025-12-12,08:00,63.0,,,,
2025-12-13,08:00,63.1,,,,
2025-12-14,08:00,62.6,,,,
2025-12-15,08:00,62.6,,,,
2025-12-16,08:00,63.3,,,,
2025-12-17,08:00,63.1,,,,
2025-12-18,08:00,63.3,,,,
2025-12-19,08:00,62.7,,,,
2025-12-22,08:00,62.8,,,,
2025-12-23,08:00,62.8,,,,
2025-12-26,08:00,63.0,,,travel,出去玩没忌口
2025-12-27,08:00,62.8,,,,
2025-12-28,08:00,62.8,,,,
2025-12-29,08:00,62.7,,,,
2025-12-30,08:00,62.3,,,,
2025-12-31,08:00,62.1,,,,
2026-01-01,08:00,62.3,,,,
2026-01-14,08:00,63.8,,,travel,出去玩了一轮胖成这样
2026-01-15,08:00,63.6,,,,
2026-01-17,08:00,62.7,,,,
2026-01-19,08:00,62.6,,,,
2026-01-21,08:00,61.7,,,,
2026-01-22,08:00,62.5,,,,
2026-01-26,08:00,63.3,,,,
2026-01-29,08:00,62.5,,,,
2026-02-01,08:00,61.6,,,,
2026-02-11,08:00,61.9,,,,
2026-02-12,08:00,61.9,,,,
2026-03-04,08:00,62.6,,,,
2026-03-05,08:00,62.0,,,,
2026-03-07,08:00,61.6,,,,
2026-03-08,08:00,62.4,,,,
2026-03-09,08:00,61.7,,,,
2026-03-10,08:00,61.3,,,,
2026-03-11,08:00,61.5,,,,
2026-03-14,08:00,61.3,,,,快来姨妈了
2026-03-15,08:00,61.1,,,,
2026-03-16,08:00,61.7,,,,
2026-03-17,08:00,60.9,,,,
2026-03-18,08:00,60.7,,,,
2026-03-19,08:00,61.3,,,,
2026-03-21,08:00,61.1,,,,
2026-03-23,08:00,60.7,,,,
2026-03-25,08:00,60.8,,,,
2026-03-26,08:00,61.1,,,,
2026-03-27,08:00,61.3,,,,
2026-03-28,08:00,60.6,,,,
2026-03-29,08:00,60.4,,,,
2026-03-30,08:00,60.8,,,,
2026-03-31,08:00,60.9,,,,
2026-04-01,08:00,60.5,,,,
2026-04-10,08:00,61.0,,,travel,出去玩一趟回来的代价
2026-04-11,08:00,60.5,,,,
2026-04-13,08:00,60.0,,,,离胜利不远了我的天啊
2026-04-14,08:00,60.1,,,,我无语
2026-04-15,08:00,60.0,,,,
2026-04-16,08:00,60.3,,,,
2026-04-18,08:00,59.9,,,,
2026-04-19,08:00,59.6,,,,
2026-04-20,08:00,59.7,,,,
2026-04-21,08:00,59.7,,,,
2026-04-23,08:00,59.9,,,,
2026-04-26,08:00,60.1,,,,
2026-04-27,08:00,60.4,,,,
2026-04-28,08:00,60.5,,,,
2026-04-29,08:00,60.1,,,,
2026-05-01,08:00,59.6,,,,
2026-05-02,08:00,59.6,,,,
2026-05-03,08:00,59.7,,,,
2026-05-07,08:00,59.5,,,,
2026-05-08,08:00,59.6,,,,
2026-05-11,08:00,59.6,,,,
2026-05-28,08:00,60.0,,,travel,旅游结束后还可以接受
2026-07-01,08:00,60.1,,,,重新开始减肥了
2026-07-10,08:00,59.9,,,,兜兜转转又回到起点
2026-07-17,08:00,59.4,,,,
2026-07-18,08:00,59.3,,,,
2026-07-19,08:00,59.9,,,,
2026-07-25,08:00,59.4,,,,
2026-08-14,08:00,59.3,,,,
